자재,자재 내역,Stock Quantity on Period End,3평판,대분류,소분류,재고일수
1000940,DW-EGFLiposol(EGF-나노리포좀)250ppm 1g - DNC,875013.601,0.0,원료,원료,999.0
1300271,대웅이지에프원료(동결원액)4mg/1ml,1618.08,0.0,원료,원료,999.0
2300779,[판촉물_부자재][EA]대형쇼핑백(고급)(28*7.5*32),10.0,0.0,세트포장재,세트포장재,999.0
2301915,[부자재]이지듀쇼핑백(245*95*230)2023프로모션,2131.0,0.0,세트포장재,세트포장재,999.0
2302027,[부자재]크림+앰플_서랍형손잡이케이스(2023추석),3871.0,0.0,세트포장재,세트포장재,999.0
2302028,[부자재]휩폼+크림_리본끈사각케이스(2023추석),3618.0,0.0,세트포장재,세트포장재,999.0
2302173,[판촉물부자재]이지듀스페셜기프트세트_세트케이스(리본/2024설),780.0,0.0,세트포장재,세트포장재,999.0
2302177,[판촉물부자재]이지듀스페셜기프트세트_세트케이스(금펄/2024설),1100.0,0.0,세트포장재,세트포장재,999.0
2302224,[판촉물_부자재](면세)원데이앰플(12ml+0.7ml)*3ea_슬리브,1842.0,0.0,세트포장재,세트포장재,999.0
2302226,[판촉물_부자재](면세)이지에프멜라토닝패치(5g*4ea)*3ea_슬리브,2450.0,0.0,세트포장재,세트포장재,999.0
2302317,[부자재]DW이지에프비타민샷마이크로패치_단상자(4개입),3127.0,0.0,세트포장재,세트포장재,999.0
2302335,[부자재]DW이지에프비타민샷마이크로패치_파우치,52508.0,0.0,세트포장재,세트포장재,999.0
2302367,[EA]디더블유이지에프더마톡스니들롤러대_2024(AD)_단상자,17363.0,0.0,세트포장재,세트포장재,999.0
2302396,[판촉물_부자재]이지듀 한가인 슬리브 (비타C토너용),13500.0,0.0,세트포장재,세트포장재,999.0
2302427,[판촉물_부자재]이지듀 한가인 슬리브 (1ml+oy니들기획])_슬리브(판,17549.0,0.0,세트포장재,세트포장재,999.0
2302428,[부자재]이지듀2024가정의달VIP싸바리_쇼핑백,7.0,0.0,세트포장재,세트포장재,999.0
2302436,[부자재][EA]디더블유이지에프더마톡스니들롤러대_단상자,5226.0,0.0,세트포장재,세트포장재,999.0
2302479,[EA]이지듀가정의달패키지(2024)_VIP싸바리(패드),171.0,0.0,세트포장재,세트포장재,999.0
2302564,[EA]멜라라필프로페셔널툴즈키트_단상자,2000.0,0.0,세트포장재,세트포장재,999.0
2302650,[판촉물_부자재]이지듀명절용멜라3-스텝스페셜세트(싸바리),303.0,0.0,세트포장재,세트포장재,999.0
2302671,[EA]스킨부스터나이아신토닝샷앰플1ml*7ea_슬리브,4129.0,0.0,세트포장재,세트포장재,999.0
2302672,[EA]스킨부스터피디알엔리프팅샷앰플1ml*7ea_슬리브,4364.0,0.0,세트포장재,세트포장재,999.0
2302673,[EA]스킨부스터엑소좀포어샷앰플1ml*7ea_슬리브,4850.0,0.0,세트포장재,세트포장재,999.0
2302674,[EA]스킨부스터히알루론글로우샷앰플1ml*7ea_슬리브,4821.0,0.0,세트포장재,세트포장재,999.0
2302708,이지듀스킨부스터엠티에스앰플3.5g_POP단상자,765.0,0.0,세트포장재,세트포장재,999.0
2302909,[판촉물_부자재]이지듀 베리어크림30G_슬리브,1615.0,0.0,세트포장재,세트포장재,999.0
2302911,[판촉물_부자재]멜라토닝 VIP 고급 대관세트(2025)_싸바리,30.0,0.0,세트포장재,세트포장재,999.0
2302912,[판촉물_부자재]멜라토닝 VIP 고급 대관세트(2025)_패드,30.0,0.0,세트포장재,세트포장재,999.0
2302916,[판촉물_부자재] 멜라토닝 더블업 크림+앰플 기획세트(패드)_25년설,250.0,0.0,세트포장재,세트포장재,999.0
2302955,[판촉물_부자재] 멜라토닝 더블업 크림+앰플 기획세트(단상자)_25년설,20.0,0.0,세트포장재,세트포장재,999.0
2302961,[판촉물_부자재]멜라토닝 에센셜 CBA 3종 VIP세트(패드)_옐로우,687.0,0.0,세트포장재,세트포장재,999.0
2302962,[판촉물_부자재]멜라 3-스텝 올인원 스페셜세트(싸바리)_플라워,10.0,0.0,세트포장재,세트포장재,999.0
2302963,[판촉물_부자재]멜라 3-스텝 올인원 스페셜세트(패드)_옐로우,2060.0,0.0,세트포장재,세트포장재,999.0
2302986,[부자재]디더블유이지에프멜라토닝원데이앰플1ML(AD)_단상자(V2),53822.0,0.0,세트포장재,세트포장재,999.0
2302997,[판촉물_부자재]멜라토닝 VIP 고급 대관세트(2025)_리플렛,30.0,0.0,세트포장재,세트포장재,999.0
2303084,[EA]이지듀멜라비토닝미스트로즈쇼핑백,20593.0,73.33333333333333,세트포장재,세트포장재,8424.409090909092
2303105,[부자재]카카오선물하기전용선물패키지_VER1,106.0,0.0,세트포장재,세트포장재,999.0
2303245,이지듀멜라비토닝앰플쿠션19호페어세트(본품+리필2)39g(면세)V3단상자,705.0,0.0,세트포장재,세트포장재,999.0
2303246,이지듀멜라비토닝앰플쿠션21호내추럴세트(본품+리필2)39g(면세)V3단상자,1023.0,0.0,세트포장재,세트포장재,999.0
2303247,이지듀멜라비토닝앰플쿠션23호베이지세트(본품+리필2)39g(면세)V3단상자,715.0,0.0,세트포장재,세트포장재,999.0
2303248,이지듀멜라비토닝원데이앰플로즈에디션쇼핑백(박스형),15696.0,0.0,세트포장재,세트포장재,999.0
2303260,DW-EGF멜라선와이드패치(4g*4매입)_지퍼백ver*3ea(면세)슬리브,764.0,0.0,세트포장재,세트포장재,999.0
2303273,[부자재_단상자]이지듀멜라비토닝유브이선세럼40ML더블기획(면세),1100.0,0.0,세트포장재,세트포장재,999.0
2303293,멀티비타앰플클렌저200ml_단상자,1100.0,0.0,세트포장재,세트포장재,999.0
2303297,클리어징크에스오에스스팟15ml_단상자,4900.0,0.0,세트포장재,세트포장재,999.0
2303299,클리어B3+B5세럼29ml_단상자,4500.0,0.0,세트포장재,세트포장재,999.0
2303300,클리어아하2%토너200ml_단상자,1000.0,0.0,세트포장재,세트포장재,999.0
2303301,클리어바하클렌저100ml_단상자,1000.0,0.0,세트포장재,세트포장재,999.0
2303302,클리어라하바디미스트100ml_단상자,1000.0,0.0,세트포장재,세트포장재,999.0
2303304,클리어바하바디클렌저300g_단상자,1000.0,0.0,세트포장재,세트포장재,999.0
2303305,클리어5애씨드필30ml_단상자,500.0,0.0,세트포장재,세트포장재,999.0
2303307,멜라토닝비타씨토너150ml_단상자,980.0,0.0,세트포장재,세트포장재,999.0
2303308,DW-EGF멜라선와이드패치(4g*4매입)_지퍼백ver_단상자,5313.0,0.0,세트포장재,세트포장재,999.0
2303310,디더블유이지에프멜라토닝원데이앰플30ml_AD(2024)_단상자,5000.0,0.0,세트포장재,세트포장재,999.0
2303323,[부자재]이지듀멜라데이쉴드에센셜세트_슬리브,5.0,0.0,세트포장재,세트포장재,999.0
2303459,이지듀클리어라하바디미스트100ML_용기덧방라벨,1000.0,0.0,세트포장재,세트포장재,999.0
2303460,이지듀디더블유이지에프멜라토닝원데이앰플1ML*7ea_용기덧방라벨,7000.0,0.0,세트포장재,세트포장재,999.0
2303461,이지듀디더블유이지에프멜라토닝원데이앰플1ML_용기덧방라벨,1000.0,0.0,세트포장재,세트포장재,999.0
2303465,이지듀멜라글루타치온크림105ML_용기덧방라벨,1000.0,0.0,세트포장재,세트포장재,999.0
2303466,이지듀디더블유이지에프와이드(프로텍션)패치4G_용기덧방라벨,1000.0,0.0,세트포장재,세트포장재,999.0
2303467,이지듀멜라비토닝앰플쿠션23호베이지_용기덧방라벨,1000.0,0.0,세트포장재,세트포장재,999.0
2303468,이지듀멜라비토닝앰플쿠션21호내추럴_용기덧방라벨,1000.0,0.0,세트포장재,세트포장재,999.0
2303469,이지듀멜라비토닝앰플쿠션19호페어_용기덧방라벨,1000.0,0.0,세트포장재,세트포장재,999.0
2303476,이지듀멜라토닝멜라씨비타에센스토너30ML_용기덧방라벨,750.0,0.0,세트포장재,세트포장재,999.0
2303477,이지듀멜라토닝멜라씨비타에센스토너150ML_용기덧방라벨,860.0,0.0,세트포장재,세트포장재,999.0
2303478,이지듀클리어B3+B5세럼29ML_용기덧방라벨,1000.0,0.0,세트포장재,세트포장재,999.0
2303479,이지듀멜라에이레티노0.03프로크림30ML_용기덧방라벨,1000.0,0.0,세트포장재,세트포장재,999.0
2303480,이지듀멜라에이레티노0.3프로트리트먼트1ML_용기덧방라벨,1000.0,0.0,세트포장재,세트포장재,999.0
2303481,이지듀베리어리페어클렌저150ML_용기덧방라벨,1000.0,0.0,세트포장재,세트포장재,999.0
2303482,이지듀베리어리페어크림30G_용기덧방라벨,1000.0,0.0,세트포장재,세트포장재,999.0
2303484,이지듀베리어리페어크림50ML_용기덧방라벨,1000.0,0.0,세트포장재,세트포장재,999.0
2303485,이지듀베리어리페어크림105ML_용기덧방라벨,1000.0,0.0,세트포장재,세트포장재,999.0
2303486,이지듀베리어리페어마스크25G(*4매입)_용기덧방라벨,4000.0,0.0,세트포장재,세트포장재,999.0
2303487,이지듀베리어리페어토너200ML_용기덧방라벨,1000.0,0.0,세트포장재,세트포장재,999.0
2303488,이지듀베리어리페어미스트60ML_용기덧방라벨,1000.0,0.0,세트포장재,세트포장재,999.0
2303490,이지듀디더블유이지에프크림프레좀알엑스50ML_용기덧방라벨,1000.0,0.0,세트포장재,세트포장재,999.0
2303493,이지듀클리어라하바디미스트100ML_단상자,1000.0,0.0,세트포장재,세트포장재,999.0
2303494,이지듀디더블유이지에프멜라토닝원데이앰플1ML*7ea_단상자,1000.0,0.0,세트포장재,세트포장재,999.0
2303495,이지듀디더블유이지에프멜라토닝원데이앰플1ML_단상자,1000.0,0.0,세트포장재,세트포장재,999.0
2303499,이지듀멜라글루타치온크림105ML_단상자,1000.0,0.0,세트포장재,세트포장재,999.0
2303500,이지듀디더블유이지에프와이드(프로텍션)패치4G_단상자,1000.0,0.0,세트포장재,세트포장재,999.0
2303510,이지듀멜라토닝멜라씨비타에센스토너30ML_단상자,750.0,0.0,세트포장재,세트포장재,999.0
2303511,이지듀멜라토닝멜라씨비타에센스토너150ML_단상자,860.0,0.0,세트포장재,세트포장재,999.0
2303512,이지듀멜라에이레티노0.03프로크림1ML_단상자,1000.0,0.0,세트포장재,세트포장재,999.0
2303513,이지듀멜라에이레티노0.03프로크림30ML_단상자,1000.0,0.0,세트포장재,세트포장재,999.0
2303514,이지듀멜라에이레티노0.3프로트리트먼트1ML_단상자,1000.0,0.0,세트포장재,세트포장재,999.0
2303515,이지듀베리어리페어클렌저150ML_단상자,1000.0,0.0,세트포장재,세트포장재,999.0
2303516,이지듀베리어리페어크림30G_단상자,1000.0,0.0,세트포장재,세트포장재,999.0
2303517,이지듀베리어리페어크림50ML_단상자,1000.0,0.0,세트포장재,세트포장재,999.0
2303518,이지듀베리어리페어크림105ML_단상자,1000.0,0.0,세트포장재,세트포장재,999.0
2303519,이지듀베리어리페어마스크25G(*4매입)_단상자,1000.0,0.0,세트포장재,세트포장재,999.0
2303520,이지듀베리어리페어토너200ML_단상자,1000.0,0.0,세트포장재,세트포장재,999.0
2303521,이지듀베리어리페어미스트60ML_단상자,1000.0,0.0,세트포장재,세트포장재,999.0
2303524,이지듀디더블유이지에프크림프레좀알엑스50ML_단상자,1000.0,0.0,세트포장재,세트포장재,999.0
2303584,[추석세트]이지듀쿠션앤앰플기프트세트21호내추럴_싸바리(상단+포밍+하단),346.0,0.0,세트포장재,세트포장재,999.0
2303591,[부자재]]이지듀디더블유이지에프멜라토닝원데이앰플(1ml*7ea)_단상자,24235.0,0.0,세트포장재,세트포장재,999.0
2303620,리프트이지에프10코어이펙트앰플1ml_용기라벨,40000.0,0.0,세트포장재,세트포장재,999.0
2303824,[부자재]기미앰플30ML*6세트(26신년)_슬리브,1080.0,0.0,세트포장재,세트포장재,999.0
2303825,[부자재]부스터샷6입(본품3+리필3)세트_하판(26신년),1020.0,0.0,세트포장재,세트포장재,999.0
2303828,[부자재]부스터샷묶음(본품1+리필1)세트_띠라벨(면세),2200.0,0.0,세트포장재,세트포장재,999.0
2303830,[부자재]기미팩트세트(본품3+리필3+퍼프3)_단상자(공용),2200.0,0.0,세트포장재,세트포장재,999.0
2303831,[부자재]이지듀항산화*4세트(26신년)_슬리브,1075.0,0.0,세트포장재,세트포장재,999.0
2303865,[부자재]이지듀항산화*4세트(26신년)_하판,1005.0,0.0,세트포장재,세트포장재,999.0
2303866,[부자재]이지듀항산화*4세트(26신년)_패드,1075.0,0.0,세트포장재,세트포장재,999.0
2303867,[부자재]부스터샷6입(본품3+리필3)세트_슬리브(26신년),1090.0,0.0,세트포장재,세트포장재,999.0
2303868,[부자재]부스터샷6입(본품3+리필3)세트_패드(26신년),1090.0,0.0,세트포장재,세트포장재,999.0
2303869,[부자재]기미앰플30ML*6세트(26신년)_하판,1020.0,0.0,세트포장재,세트포장재,999.0
2303880,[부자재]기미앰플30ML*6세트(26신년)_패드,1080.0,0.0,세트포장재,세트포장재,999.0
7000974,[판촉물_부자재][EA]통합쇼핑백(27*35)_일반,1957.0,0.0,판촉물,판촉물,999.0
7001011,[판촉물_상품]실리콘클렌징브러쉬(비비또)_오렌지,467.0,0.0,판촉물,판촉물,999.0
7001012,[판촉물_상품]클렌징브러쉬듀오,4377.0,35.333333333333336,판촉물,판촉물,3716.320754716981
7001023,[판촉물_부자재][EX]불투명비닐쇼핑백1장_로컬용(26*32)_단종,1000.0,0.0,판촉물,판촉물,999.0
7300456,'=배송비=,717837.0,13238.666666666666,기타,기타,1626.6826971497633
7300925,[판촉물_상품][EA]사각손거울(95x166mm),686.0,0.0,판촉물,판촉물,999.0
7300927,[판촉물_부자재][EA]서랍형2종손잡이케이스(94*47*190)(판),33.0,0.0,세트포장재,세트포장재,999.0
7301041,[EA]디더블유이지에프더마톡스니들롤러대,7272.0,363.0,판촉물,판촉물,600.9917355371902
7301049,[상품]이지듀MD크림85g,1697.0,205.66666666666663,기타,기타,247.53646677471642
7301162,[판촉물_부자재][EA]리본고리선물케이스(소형)_판매용,180.0,0.0,판촉물,판촉물,999.0
7301234,[EA]아크네클리어필해면스펀지,1.0,0.0,판촉물,판촉물,999.0
7301237,[부자재]이지듀쇼핑백_소(200*80*200)_백색둥근종이끈,10885.0,393.3333333333333,판촉물,판촉물,830.2118644067797
7301307,용역비,500000000.0,0.0,미분류,미분류,999.0
7301308,용역비코드,499999988.0,1.0,기타,기타,14999999640.0
7301347,[판촉물_상품]이지듀가정의달세트_단상자,80.0,0.0,판촉물,판촉물,999.0
7301348,[판촉물_상품]이지듀가정의달세트_손잡이박스,490.0,133.66666666666666,판촉물,판촉물,109.97506234413967
7301441,[EA]디더블유이지에프더마톡스니들롤러대_미품,17125.0,0.0,판촉물,판촉물,999.0
7301514,[판촉물_부자재][EA]삼각형쇼핑백(끈조립),3738.0,0.0,판촉물,판촉물,999.0
7301542,[EA]디더블유이지에프 엠티에스 롤러대_AD(2024),10144.0,69.33333333333333,판촉물,판촉물,4389.2307692307695
7301580,[판촉물_상품][EA]멜라라필전용브러쉬,1040.0,0.0,판촉물,판촉물,999.0
7301591,레티놀배송지연엽서,107.0,0.0,판촉물,판촉물,999.0
7301695,[EA]멜라라필실리콘볼(소),5005.0,0.0,판촉물,판촉물,999.0
7301742,"[EA]멜라라필프로페셔널툴즈키트(브러쉬,보울)",11331.0,15.0,판촉물,판촉물,22662.0
7301750,[판촉물_부자재]이지듀 한가인 사인엽서,18910.0,0.0,판촉물,판촉물,999.0
7301751,[판촉물_부자재]이지듀 미니쇼핑백_24년추석용,7730.0,732.0,판촉물,판촉물,316.8032786885246
7301915,[EA]그린코스메틱파우치,1203.0,0.0,판촉물,판촉물,999.0
7301959,[판촉물_부자재]이지듀삼각쇼핑백_보테가,1229.0,88.33333333333333,판촉물,판촉물,417.39622641509436
7301960,이지듀밀착커버앰플쿠션퍼프(2개입),136.0,0.0,판촉물,판촉물,999.0
7301996,[판촉물_부자재] 한가인 사인 엽서(리뉴얼),2256.0,0.0,판촉물,판촉물,999.0
7302002,[상품]이지듀MD리젠크림85g,692.0,23.33333333333333,기타,기타,889.714285714286
7302064,[상품]이지듀멜라샷비타민CBA건기식파우더2g*30ea,10619.0,23.33333333333333,기타,기타,13653.000000000004
7302065,[상품]이지듀멜라샷비타민CBA건기식파우더2g*3ea,3539.0,0.0,기타,기타,999.0
7302156,'=배송비(해외)=,994.0,2.0,기타,기타,14910.0
7302184,[EA]현대팝업용멜라3종사쉐키트,3600.0,0.0,기타,기타,999.0
7302185,[카카오]멜라비토닝앰플쿠션본품(선물포장)_21호내추럴,1.0,0.0,임가공,임가공,999.0
7302211,[부자재_쇼핑백]이지듀중형쇼핑백(220*90*200)_25가정의달,5983.0,3210.333333333333,판촉물,판촉물,55.9100820267885
7302221,[판촉물-상품]이지듀로즈에디션프리저브드플라워,7775.0,0.0,판촉물,판촉물,999.0
7302222,[판촉물_상품]이지듀썸머메쉬백(L),5994.0,0.0,판촉물,판촉물,999.0
7302223,[판촉물]이지듀대형쇼핑백_2025_(285*90*250),7117.0,58.0,판촉물,판촉물,3681.206896551724
7302229,베리어리페어세트_쇼핑백(20CM),3951.0,20.0,판촉물,판촉물,5926.5
7302250,[판촉물]이지듀여행용파우치그린,3202.0,29.0,판촉물,판촉물,3312.4137931034484
7302262,이지듀멜라토닝울트라카밍토너시카알로에130ML_펌프(미스트)(V1),3346.0,216.66666666666663,판촉물,판촉물,463.2923076923078
7302264,[판촉물_상품]이지듀키링파우치,62496.0,5390.333333333333,판촉물,판촉물,347.8226454764702
7302266,이지듀멜라토닝울트라카밍토너시카알로에130ML_펌프(미스트)(V2),34578.0,0.0,판촉물,판촉물,999.0
7302267,이지듀명절선물세트_쇼핑백(15CM),11538.0,0.0,판촉물,판촉물,999.0
7302293,이지듀밀착커버매트팩트퍼프(2개입),89060.0,3387.0,판촉물,판촉물,788.8396811337467
7302317,이지듀밀착커버앰플쿠션퍼프(2개입)_V2,101345.0,2324.333333333333,판촉물,판촉물,1308.0524881686506
7302334,이지듀밀착커버매트팩트퍼프(1개입),2167.0,0.0,판촉물,판촉물,999.0
7302335,이지듀밀착커버앰플쿠션퍼프(1개입),7766.0,0.0,판촉물,판촉물,999.0
7302385,[25년]이지듀쇼핑백_소(200*80*200),13011.0,2086.0,판촉물,판촉물,187.11888782358582
7302435,앰플쿠션13g내추럴어워즈한정기획(2025)(+8g미니어처쿠션)_단상자,327.0,0.0,기타,기타,999.0
7302439,이지듀멜라비토닝앰플쿠션하운드체크에디션케이스_단상자,3008.0,0.0,판촉물,판촉물,999.0
7302471,[부자재_인도네시아]비타앰플클렌저_200ml_용기덧방라벨_V2,940.0,0.0,세트포장재,세트포장재,999.0
7302472,[부자재_인도네시아]원데이앰플_15ml_용기덧방라벨_V2,400.0,0.0,세트포장재,세트포장재,999.0
7302473,[부자재_인도네시아]원데이앰플_30ml_용기덧방라벨_V2,800.0,0.0,세트포장재,세트포장재,999.0
7302474,[부자재_인도네시아]비타앰플클렌저_200ml_단상자덧방라벨_V2,940.0,0.0,세트포장재,세트포장재,999.0
7302475,[부자재_인도네시아]비타앰플클렌저_30ml_단상자덧방라벨_V2,500.0,0.0,세트포장재,세트포장재,999.0
7302477,[부자재_인도네시아]원데이앰플_30ml_단상자덧방라벨_V2,800.0,0.0,세트포장재,세트포장재,999.0
7302500,[판촉물]25년크리스마스양말_아트토큰,34.0,0.0,판촉물,판촉물,999.0
7302505,[사급전환]이지듀멜라에이레티노0.03프로크림1ML 주사기용기3,631.0,0.0,기타,기타,999.0
7302506,[사급전환]이지듀멜라에이레티노0.03프로크림10ML 펌프,5481.0,0.0,기타,기타,999.0
7302507,[사급전환]이지듀멜라에이레티노0.03프로크림10+1ML(OY) 단상자,5403.0,0.0,기타,기타,999.0
7302508,[사급전환]이지듀멜라에이레티노0.03프로크림10ML 캡,5844.0,0.0,기타,기타,999.0
7302509,[사급전환]이지듀멜라에이레티노0.03프로크림10ML 용기,5502.0,0.0,기타,기타,999.0
7302510,[사급전환]이지듀스킨부스터엠티에스앰플3.5ML 단상자,4826.0,0.0,기타,기타,999.0
9001849,[CX]링클솔루션스킨케어스페셜세트(리뉴얼),10.0,0.0,기타,기타,999.0
9001850,[CX]링클솔루션스킨케어3종스페셜세트(리뉴얼),189.0,233.33333333333331,기타,기타,24.300000000000004
9301074,[RX]포스트레이저미네랄비비크림40ml,2513.0,0.0,포스트레이저,병의원,999.0
9301076,[단종][RX]포스트레이저모이스처에센셜미스트120ml,1.0,0.0,포스트레이저,병의원,999.0
9301077,[RX]포스트레이저젤드레싱마스크시트세트(38ml*5ea),123.0,0.0,포스트레이저,병의원,999.0
9301079,[단종][RX]포스트레이저마일드클렌징젤150ml,38.0,0.0,포스트레이저,병의원,999.0
9301091,[단종][RX]센시티브베리어인텐시브150ml,2155.0,58.0,포스트레이저,병의원,1114.655172413793
9301155,[단종][EX]유브이컨트롤울트라쉴드선크림50ml,60.0,281.5,포스트레이저,병의원,6.394316163410302
9301197,[RX]포스트레이저시너지크림50ML,2462.0,0.0,포스트레이저,병의원,999.0
9301240,[단종][RX]포스트레이저에센스토너175ML,2.0,0.0,포스트레이저,병의원,999.0
9301349,[RX]포스트레이저퍼펙트쉴드선50ML,3939.0,770.0,포스트레이저,병의원,153.46753246753246
9301415,[EA]디더블유이지에프크림화이트토닝50ML,12675.0,2261.333333333333,기타,기타,168.15300707547172
9301416,[판촉물_샘플][EA]디더블유이지에프크림화이트토닝2ML(샤섀),1483.0,134.0,기타,기타,332.0149253731343
9301568,[EX]디더블유이지에프더마앰플(5ML*4개입),2.0,0.0,기타,기타,999.0
9301702,[단종][EA]디더블유이지에프멀티비타세럼B14ML,3882.0,78.5,기타,기타,1483.5668789808917
9301703,[단종][EA]디더블유이지에프멀티비타세럼C14ML,4018.0,155.5,기타,기타,775.176848874598
9301704,[단종][EA]디더블유이지에프멀티비타세럼E14ML,4002.0,93.5,기타,기타,1284.0641711229946
9302354,[단종][CX]링클솔루션아이리프트크림프리미엄15ML,92.0,0.0,기타,기타,999.0
9302803,[단종][EA]리더마마스터앰플(1ml*14ea),3949.0,617.6666666666666,기타,기타,191.80248246087427
9302971,[EA]디더블유이지에프크림프레좀알엑스(30ml*3ea),5181.0,403.3333333333333,기타,기타,385.3636363636364
9302972,[단종][EA]디더블유이지에프크림리미티드70ml,2942.0,694.6666666666666,기타,기타,127.05374280230326
9303069,[RX]포스트레이저리페어컨트롤이지에프(10ml*2ea)_리뉴얼,1189.0,104.0,포스트레이저,병의원,342.9807692307692
9303143,[EX]디더블유이지에프크림모이스트플러스50ML(JP),8.0,0.0,기타,기타,999.0
9303193,[EA]디더블유이지에프멜라토닝원데이앰플(1ml*7ea),1.0,0.0,원데이앰플,1ML,999.0
9303194,[단종][EA]디더블유이지에프멜라토닝원데이앰플1ml,10637.0,562.6666666666666,원데이앰플,1ML,567.1386255924172
9303605,[EA]디더블유이지에프크림프레좀알엑스50ml,10077.0,3543.0,기타,기타,85.3259949195597
9303813,[단종][EX]디더블유이지에프더블시너지앰플50ml,8.0,21.33333333333333,포스트레이저,병의원,11.250000000000004
9304300,[단종][EA]디더블유이지에프링클아이크림스틱프리미엄8g,1597.0,2002.6666666666667,기타,기타,23.92310252996005
9304348,[단종][EA]디더블유이지에프크림링클컨트롤50ml,177.0,0.0,기타,기타,999.0
9304907,[EA]디더블유이지에프콜라겐실크림앰플55g,911.0,1324.3333333333333,기타,기타,20.636798389126607
9305080,[EA]디더블유이지에프더마톡스니들샷(40mg*2ea),13972.0,1037.6666666666667,기타,기타,403.9447478316736
9305530,[EA]디더블유이지에프멜라토닝원데이앰플(1ml*7ea)_ver2,17090.0,1925.0,원데이앰플,1ML,266.3376623376623
9305535,[단종][EA]디더블유이지에프멜라토닝원데이앰플1ml_단상자포장없음,13067.0,849.6666666666666,원데이앰플,1ML,461.3691643781876
9305554,[EA]베리어리페어크림105ml,24736.0,4724.666666666667,베리어,베리어,157.06504868068293
9305555,[EA]멜라토닝크림105ml,23163.0,1769.3333333333333,멜라(기타),멜라(기타),392.74114544084404
9305646,[EA]멜라토닝선크림45ml,90.0,1067.6666666666667,멜라(기타),멜라(기타),2.528879175772713
9305648,[EA]베리어리페어클렌저150ml,3361.0,1553.0,베리어,베리어,64.92594977462976
9305649,[단종][RX]포스트레이저젤드레싱마스크시트세트(38ml*1ea),300.0,0.0,포스트레이저,병의원,999.0
9305782,[EA]디더블유이지에프멜라토닝원데이앰플0.7ml(샤쉐),13995.0,1567.3333333333333,원데이앰플,기타,267.8753721820502
9305813,[OEM]Lekarka Moist Shine Mist_B_50ml,164.0,0.0,기타,기타,999.0
9305814,[단종][EX]디더블유이지에프멜라토닝패치(5g*4ea)(썸머에디션),4309.0,513.0,임가공,임가공,251.98830409356722
9305815,[EX]디더블유이지에프멜라토닝패치1매입(썸머에디션),14.0,0.0,원데이앰플,기타,999.0
9305818,[EA]디더블유이지에프멜라토닝원데이앰플12ml,1000.0,0.0,원데이앰플,12ML,999.0
9305857,[EA]베리어리페어마스크(25G*4매입),5154.0,3690.6666666666665,베리어,베리어,41.894869942196536
9305858,[EA]베리어리페어미스트60ML,4862.0,1977.0,베리어,베리어,73.77845220030349
9305860,[단종][EA]디더블유이지에프에센스토너145ml,154.0,1519.0,기타,기타,3.0414746543778803
9305862,[EA]디더블유이지에프멜라토닝원데이앰플(OY기획)(12ml+1ml),7185.0,1520.0,원데이앰플,올리브영,141.8092105263158
9305864,[EA]베리어리페어토너200ml,16097.0,1355.0,베리어,베리어,356.39114391143914
9305865,[EA]디더블유이지에프더마톡스니들샷(40mg*4ea),7971.0,19.33333333333333,기타,기타,12368.793103448279
9305882,[단종][EA]아크네클리어에스오에스스팟2ml,1942.0,2009.3333333333333,클리어,클리어,28.994691439946916
9305884,[단종][EA]아크네클리어토너200ml,1175.0,41.0,클리어,클리어,859.7560975609756
9305885,[단종][EA]아크네클리어플루이드세럼50g,120.0,488.3333333333333,클리어,클리어,7.372013651877133
9305942,[EA]옴므올인원플루이드80ml,10968.0,1757.3333333333333,기타,기타,187.2382397572079
9305997,[단종][EA]아크네클리어필1.9ml,8341.0,1326.3333333333333,클리어,클리어,188.66298064840413
9306018,[EA]베리어리페어크림30g,1965.0,1145.3333333333333,베리어,베리어,51.46973224679861
9306037,[EA]디더블유이지에프멜라토닝원데이앰플8ml,2.0,0.0,원데이앰플,8ML,999.0
9306140,[EA]디더블유이지에프크림리페어솔루션50ml,13412.0,1784.0,기타,기타,225.53811659192826
9306141,[단종[EA]디더블유이지에프멜라토닝원데이앰플(기획)(12ml+0.7ml),842.0,107.0,원데이앰플,올리브영,236.07476635514018
9306242,[EA]베리어리페어크림50ml,18391.0,3635.6666666666665,베리어,베리어,151.75483634363255
9306420,"[세트]뉴이지듀3X_VIP5종(미스트,클렌저,선,기미크림,기미앰플8ml)",9.0,0.0,임가공,임가공,999.0
9306482,"[세트]베리어리페어3종세트(베리어리페어크림105ml,클렌저,미스트)",10.0,0.0,임가공,임가공,999.0
9306492,[단종][EA]디더블유이지에프10피피엠항산화앰플30ml,762.0,193.66666666666663,기타,기타,118.03786574870915
9306494,[단종][EA]디더블유이지에프10피피엠항산화앰플1ml_단상자포장없음,756.0,0.0,기타,기타,999.0
9306559,[EA]베리어리페어마스크25G_1매입,2.0,0.0,멜라(기타),멜라(기타),999.0
9306573,[EA]디더블유이지에프크림화이트토닝50ML(2023ver.),133.0,314.3333333333333,기타,기타,12.693531283138919
9306638,[EA]디더블유이지에프투엑스멜라토닝원데이앰플1ml(샤쉐),90964.0,0.0,원데이앰플,기타,999.0
9306763,[EA]디더블유이지에프트리플안티옥시던트크림2ml(샤쉐),26141.0,98.0,기타,기타,8002.34693877551
9306764,[EA]디더블유이지에프트리플안티옥시던트크림50ml,17.0,0.0,기타,기타,999.0
9306765,[EA]디더블유이지에프트리플안티옥시던트크림75ml,411.0,589.3333333333334,기타,기타,20.921945701357465
9306771,디더블유이지에프10트리플안티옥시던트앰플(1ml*4ea),2957.0,158.0,포스트레이저,병의원,561.4556962025316
9306774,[단종][EA]디더블유이지에프10트리플안티옥시던트앰플30ml,12.0,202.33333333333331,기타,기타,1.7792421746293248
9306812,[세트]멜라토닝원데이앰플1ml+멜라토닝패치4매입_(판),1486.0,319.6666666666667,임가공,임가공,139.45776850886338
9306813,[EA]베리어리페어립앤멀티밤10g,1424.0,2132.6666666666665,베리어,베리어,20.03125976867771
9306903,[EA]디더블유이지에프비타민씨부스팅앰플25_13g,54.0,0.0,기타,기타,999.0
9306956,[EA]디더블유이지에프원데이앰플(12ml+0.7ml)*3ea_(면세),1498.0,500.0,임가공,임가공,89.88
9306957,[EA]리더마마스터앰플(1ml*14ea)*3ea_(면세),132.0,25.666666666666668,기타,기타,154.28571428571428
9307043,[EA]디더블유이지에프멜라토닝원데이앰플8ml_AD(2024),1449.0,1482.6666666666667,원데이앰플,8ML,29.318794964028775
9307044,[EA]디더블유이지에프멜라토닝원데이앰플30ml_AD(2024),155516.0,4188.666666666667,원데이앰플,30ML,1113.834155658125
9307045,[단종][EA]디더블유이지에프멜라토닝패치(5g*4ea)_AD(2024),5178.0,826.0,멜라(기타),멜라(기타),188.0629539951574
9307048,[단종][EA]디더블유이지에프크림다이브좀50ML_AD(2024),83.0,0.0,기타,기타,999.0
9307126,[EA]디더블유이지에프더마니들2700샷(40mg*2ea)_덧방용,784.0,0.0,기타,기타,999.0
9307127,[EA]DW이지에프10ppm원데이2700샷(40mg*4ea)_덧방용,423.0,0.0,기타,기타,999.0
9307138,[EA]멜라토닝선에센스크림45ml,206.0,74.33333333333333,멜라(기타),멜라(기타),83.13901345291481
9307203,[EA]디더블유이지에프10ppm비타민샷마이크로패치_4입,1833.0,0.0,기타,기타,999.0
9307221,[EA]디더블유EGF10ppm원데이엠티에스2700샷(2개입)_스몰랩,8839.0,136.0,기타,기타,1949.7794117647059
9307222,[단종[EA]디더블유EGF10ppm원데이엠티에스2700샷(4개입)_스몰랩,204.0,0.0,기타,기타,999.0
9307272,[EA]디더블유이지에프멜라토닝패치1매입(5g)_AD(2024),2325.0,0.0,멜라(기타),멜라(기타),999.0
9307276,[EA]DW-EGF클리어선패치(2매입*4ea),2339.0,321.6666666666667,멜라(기타),멜라(기타),218.14507772020724
9307277,[단종][EA]DW-EGF와이드선패치(2매입*4ea),60.0,0.0,기타,기타,999.0
9307278,[EA]DW-EGF멜라라필스텝1(50ml),11010.0,323.0,멜라(기타),멜라(기타),1022.6006191950463
9307279,"[EA]멜라라필프로그램(스텝1 3ml, 스텝2 15g*4ea,브러쉬)oy",12580.0,167.0,멜라(기타),멜라(기타),2259.880239520958
9307319,[EA]디더블유이지에프멜라토닝원데이앰플1ml_AD(2024),21785.0,3961.3333333333335,원데이앰플,1ML,164.98232918209357
9307323,[EA]DW이지에프레티놀0.03프로멜라토닝크림(베이직)_1개입),259.0,209.66666666666663,멜라(기타),멜라(기타),37.05882352941177
9307324,[EA]DW이지에프레티놀0.3프로멜라토닝크림(엑스퍼트),107.0,3581.6666666666665,멜라(기타),멜라(기타),0.8962308050255933
9307325,[단종][EA]DW이지에프멜라토닝선패드(2개입)_파우치ver.,957.0,52.333333333333336,기타,기타,548.5987261146497
9307328,"[단[EA]DW이지에프10ppm원데이2700샷홈디바이스키트(니들,롤러대)",160.0,141.0,기타,기타,34.04255319148936
9307341,[EA]DW-EGF비타민씨부스팅앰플25OY기획(10g+1ml),480.0,45.0,기타,기타,320.0
9307342,[EA]디더블유EGF10ppm원데이MTS2700샷(1개입)_미품,6363.0,0.0,기타,기타,999.0
9307343,[EA]이지듀DW-EGF레티노0.03프로멜라토닝크림30ml(베이직),11985.0,1336.6666666666667,멜라(기타),멜라(기타),268.99002493765585
9307350,[EA]DW-EGF멜라토닝원데이앰플[oy패치기획]_(5g*2ea+12ml,612.0,3505.333333333333,원데이앰플,올리브영,5.2377329783187525
9307351,"[EA]]DW-EGF멜라토닝MTS프로그램[니들1,롤러대,앰플1ml)oy",408.0,0.0,기타,기타,999.0
9307383,[단종][EA]디더블유이지에프쓰리엑스멜라토닝세븐데이즈앰플3ml,369.0,0.0,기타,기타,999.0
9307529,[EA]멜라토닝비타씨토너30ml,3031.0,282.0,멜라(기타),멜라(기타),322.4468085106383
9307551,[EA]멀티비타앰플클렌저30ml,960.0,53.0,기타,기타,543.3962264150944
9307552,[EA]멀티비타앰플클렌저200ml,3318.0,266.6666666666667,멜라(기타),멜라(기타),373.275
9307604,[세트]이지듀디더블유이지에프멜라토닝기획세트(앰플+패치)_(컬리),255.0,55.0,임가공,임가공,139.0909090909091
9307728,[EA]클리어바하클렌저 100ml,10119.0,621.0,클리어,클리어,488.84057971014494
9307832,"[세트] 이지듀 학회용 한가인 기미토닝세트(1ML앰플,니들세트,패치)",76.0,11.0,임가공,임가공,207.27272727272728
9307900,[EA]클리어아하2%토너 200ml,3911.0,326.3333333333333,클리어,클리어,359.54034729315634
9307903,[EA]클리어B3+B5세럼 29ml,7508.0,744.0,클리어,클리어,302.741935483871
9307905,[EA]클리어징크에스오에스스팟 15ml,10757.0,603.3333333333334,클리어,클리어,534.878453038674
9307906,[단종][EA]클리어5애씨드필 30ml,8456.0,32.0,기타,기타,7927.5
9307953,[EA]멜라라필스텝2_4매입(15g*8ea),13201.0,326.0,멜라(기타),멜라(기타),1214.8159509202453
9307960,[단종][EA]디더블유이지에프멜라토닝비타씨토너150ml_(수정),1027.0,108.66666666666669,기타,기타,283.52760736196313
9307961,[EA]이지듀멜라CBA3열샤셰2.5g,667.0,0.0,멜라(기타),멜라(기타),999.0
9307962,[EA]멜라비타12앰플클렌저_샤셰(2ml),75005.0,21.33333333333333,멜라(기타),멜라(기타),105475.78125000003
9307963,[EA]이지듀멜라글루타치온크림샤셰2g,32984.0,126.33333333333331,멜라(기타),멜라(기타),7832.612137203168
9307970,[EA]DW-EGF클리어선패치 1매,39352.0,0.0,멜라(기타),멜라(기타),999.0
9307972,[EA]DW이지에프멜라토닝선패드 1매,5767.0,0.0,기타,기타,999.0
9308000,[EA]클리어바하바디클렌저 300g,18476.0,75.33333333333333,클리어,클리어,7357.699115044248
9308062,[단종][EA]디더블유이지에프멜라글루타티온크림105ml,24.0,10.666666666666666,기타,기타,67.50000000000001
9308074,[EA]디더블유이지에프멜라토닝원데이앰플15ml,15582.0,2352.6666666666665,원데이앰플,15ML,198.69368092944177
9308228,[EA]멜라씨비타에센스토너30ml,46507.0,550.6666666666666,멜라(기타),멜라(기타),2533.674334140436
9308229,[EA]멜라비타12앰플클렌저30ML,53350.0,291.0,멜라(기타),멜라(기타),5500.0
9308231,[단종][EA]멜라선앰플패드_1매(3ml)*15입,9860.0,0.0,임가공,임가공,999.0
9308235,[EA]이지듀멜라5스텝스타터키트(GWP),1516.0,1505.0,기타,기타,30.219269102990033
9308236,[EA]이지듀멜라글루타치온크림50ml,27350.0,5669.333333333333,멜라(기타),멜라(기타),144.7260112888053
9308304,"[EA]멜라라필프로그램(스텝1 3ml, 스텝2 15g*4ea,브러쉬)직영",5426.0,887.3333333333334,멜라(기타),멜라(기타),183.44853493613823
9308335,[RX]이지듀알엑스포스트레이저센시티브베리어150ml_AD,10612.0,1915.3333333333333,포스트레이저,병의원,166.216498433693
9308336,[RX]이지듀알엑스포스트레이저리뉴얼모이스처50ml_AD,6840.0,285.0,포스트레이저,병의원,720.0
9308337,[RX]알엑스포스트레이저비비크림40ml_AD,3435.0,288.0,포스트레이저,병의원,357.8125
9308426,[EA]멜라에이레티노0.03프로크림_10ml+1ml(올리브영),13347.0,1493.3333333333333,임가공,임가공,268.13169642857144
9308427,[EA]클리어라하바디미스트 100ml,19158.0,33.666666666666664,클리어,클리어,17071.48514851485
9308494,[EX]멜라비타앰플데일리마스크30매입(310g),5371.0,110.33333333333331,멜라(기타),멜라(기타),1460.3927492447133
9308616,[EA]DW-EGF멜라선와이드패치(4g*4매입)_지퍼백ver,84737.0,1141.0,멜라(기타),멜라(기타),2227.9666958808066
9308654,[단종][EA]멜라비토닝앰플쿠션21호페어(본품)_15g,29.0,8.0,멜라(앰플쿠션),본품19호(15G),108.75
9308655,[단종][EA]멜라비토닝앰플쿠션21호내추럴(본품)_15g,4.0,0.0,멜라(앰플쿠션),본품21호(15G),999.0
9308656,[단종][EA]멜라비토닝앰플쿠션23호 베이지(본품)_15g,34.0,0.0,멜라(앰플쿠션),본품23호(15G),999.0
9308657,[단종][EA]멜라비토닝앰플쿠션21호페어(리필)_15g,2845.0,39.333333333333336,멜라(앰플쿠션),리필19호(15G),2169.915254237288
9308658,[단종][EA]멜라비토닝앰플쿠션21호내추럴(리필)_15g,9.0,0.0,멜라(앰플쿠션),리필21호(15G),999.0
9308659,[단종][EA]멜라비토닝앰플쿠션23호 베이지(리필)_15g,5415.0,26.0,멜라(앰플쿠션),리필23호(15G),6248.076923076923
9308690,[EX]디더블유이지에프멜라토닝원데이앰플10ml,22604.0,1112.3333333333333,원데이앰플,10ML,609.6373988612527
9308763,[EA]멜라비토닝원데이앰플0.7ml(샤쉐),61194.0,0.0,원데이앰플,기타,999.0
9308764,이지듀멜라토닝원데이앰플기획세트(12ML+0.7ML),29370.0,12755.0,원데이앰플,올리브영,69.07879263034104
9308765,[EA]멜라비토닝패치풀페이스(24g*6ea),972.0,215.66666666666663,멜라(기타),멜라(기타),135.20865533230295
9308771,[EA]스킨부스터엠티에스앰플3.5ml,11438.0,187.66666666666663,기타,기타,1828.4547069271762
9308772,[EA]이지듀스킨부스터나이아신토닝샷앰플1ml*7ea,4133.0,194.66666666666663,기타,기타,636.9349315068494
9308773,[EA]스킨부스터피디알엔리프팅샷앰플1ml*7ea,2467.0,778.3333333333334,기타,기타,95.08779443254818
9308774,[EA]스킨부스터엑소좀포어샷앰플1ml*7ea,5513.0,156.66666666666666,기타,기타,1055.6808510638298
9308775,[EA]스킨부스터히알루론글로우샷앰플1ml*7ea,4487.0,129.33333333333334,기타,기타,1040.7989690721647
9308812,[EA]멜라에이레티노0.3프로트리트먼트15ml,6600.0,336.6666666666667,멜라(기타),멜라(기타),588.1188118811881
9308817,[세트]이지듀한가인슬리브(쿠팡앰플샷2종),2335.0,0.0,임가공,임가공,999.0
9308818,"[세트]명절용멜라3-스텝스페셜세트(멜라토너,크림,앰플,레티노)",21.0,101.0,임가공,임가공,6.237623762376238
9308848,[EA]멜라씨비타에센스토너150ml,5088.0,4590.333333333333,멜라(기타),멜라(기타),33.252487110594735
9308885,"24추석_멜라토닝데일리케어세트(베리어토너,기미크림,앰플,패치)",11.0,0.0,임가공,임가공,999.0
9308948,[ODM][RX]이지듀알엑스리페어컨트롤리뉴얼인텐시브모이스처50ml,15.0,2008.0,기타,기타,0.2241035856573705
9309071,"베리어세트(미스트,크림50,마스크팩)",7.0,-7.0,임가공,임가공,999.0
9309145,[EA]리프트이지에프10코어이펙트앰플15ml,104488.0,63933.333333333336,이펙트코어,앰플 15ml,49.029822732012505
9309146,[EA]멜라비토닝원데이앰플40ml,64593.0,8525.666666666666,원데이앰플,40ML,227.28897055948707
9309148,[EA]리프트피디알엔넥패치(6g*4매입),22155.0,774.3333333333334,이펙트코어,기타,858.3512699095995
9309149,[EA]멜라거즈드레싱마스크(4매입),7850.0,499.0,멜라(기타),멜라(기타),471.9438877755511
9309160,[EA]리프트거즈드레싱마스크(25g*3매입),16627.0,356.0,이펙트코어,기타,1401.1516853932583
9309213,[EA]리프트이지에프10코어이펙트앰플30ml,17588.0,711.3333333333334,이펙트코어,앰플 30ml,741.7619493908153
9309214,[EA]리프트이지에프10코어이펙트앰플1ml(샤셰),42754.0,20208.0,이펙트코어,기타,63.4709026128266
9309250,[oy기획]스킨부스터나이아신토닝샷앰플1ml*7ea,147.0,100.33333333333331,임가공,임가공,43.953488372093034
9309251,[oy기획]스킨부스터피디알엔리프팅샷앰플1ml*7ea,38.0,83.33333333333333,임가공,임가공,13.68
9309252,[oy기획]스킨부스터엑소좀포어샷앰플1ml*7ea,109.0,66.66666666666667,임가공,임가공,49.05
9309253,[oy기획]스킨부스터히알루론글로우샷앰플1ml*7ea,126.0,66.66666666666667,임가공,임가공,56.699999999999996
9309314,[RX]포스트레이저센시티브베리어1ml(샤셰),101979.0,0.0,포스트레이저,병의원,999.0
9309315,[RX]포스트레이저리뉴얼모이스처1ml(샤셰),101980.0,0.0,포스트레이저,병의원,999.0
9309330,이지듀스킨부스터엠티에스앰플(본품) 3.5g,102.0,242.0,기타,기타,12.644628099173554
9309392,[EA]멜라글루타치온크림105ml,50031.0,5201.0,멜라(기타),멜라(기타),288.58488752163044
9309401,[EA]멜라비토닝원데이앰플투엑스기획세트(13ml*2+1ml*2),609.0,1984.0,원데이앰플,기타,9.208669354838708
9309503,[EA]멜라비토닝앰플쿠션19호페어(본품)_V2,563.0,1.0,멜라(앰플쿠션),본품19호(15G),16890.0
9309505,[EA]멜라비토닝앰플쿠션21호내추럴(본품)_V2,279.0,3.5,멜라(앰플쿠션),본품21호(15G),2391.4285714285716
9309506,[EA]멜라비토닝앰플쿠션23호베이지(본품)_V2,980.0,20.5,멜라(앰플쿠션),본품23호(15G),1434.1463414634145
9309507,[EA]멜라비토닝앰플쿠션19호페어(리필)_V2,12268.0,1425.6666666666667,멜라(앰플쿠션),리필19호(15G),258.1529109188684
9309508,[EA]멜라비토닝앰플쿠션21호내추럴(리필)_V2,156.0,7.0,멜라(앰플쿠션),리필21호(15G),668.5714285714286
9309509,[EA]멜라비토닝앰플쿠션23호베이지(리필)_V2,1026.0,439.0,멜라(앰플쿠션),리필23호(15G),70.11389521640092
9309510,[EA]디더블유이지에프멜라패치(Japan) 5g*4ea,11558.0,78.66666666666667,멜라(기타),멜라(기타),4407.71186440678
9309511,[EA]멜라글루타치온크림(Japan) 50ml,6618.0,908.6666666666666,멜라(기타),멜라(기타),218.49596478356568
9309515,[EA]멜라원데이앰플(Japan) 10ml,527.0,1244.3333333333333,원데이앰플,10ML,12.70559871417091
9309522,[EA]멜라씨비타에센스토너(Japan) 150ml,331.0,884.0,멜라(기타),멜라(기타),11.233031674208146
9309592,이지듀쓰리엑스멜라비토닝원데이앰플15ml,1875.0,0.0,기타,기타,999.0
9309593,이지듀쓰리엑스멜라비토닝패치3g*6ea,5643.0,0.0,기타,기타,999.0
9309594,이지듀쓰리엑스이지에프10리페어크림20ml,1976.0,0.0,기타,기타,999.0
9309712,[세트]이지듀 2025신년 패키지 SET 기미앰플 30ml * 6EA,7.0,0.0,임가공,임가공,999.0
9309713,[세트]이지듀 2025신년 패키지 SET 항산화 30ml * 4EA,6.0,0.0,임가공,임가공,999.0
9309744,[EA]멜라비토닝앰플쿠션트라이얼3열샤쉐0.2ml*3ea,3778.0,8.333333333333334,기타,기타,13600.8
9309753,[판촉물]멜라토닝 더블업 크림+앰플 기획세트_25년설,2485.0,3112.333333333333,임가공,임가공,23.953089857555963
9309754,멜라 3-스텝 올인원 스페셜세트_2025(대관용),195.0,-195.0,임가공,임가공,999.0
9309795,[EA]멜라오버나이트멜팅크림 50g,52512.0,1991.3333333333333,멜라(캡슐크림),멜라(캡슐크림),791.1081352527619
9309797,[EA]이지에프하이드로부스팅토너200ml(홈쇼핑),6467.0,12.666666666666666,기타,기타,15316.578947368422
9309798,[EA]이지에프코어부스팅아이크림30ml,109589.0,7865.666666666667,기타,기타,417.9772852481247
9309831,[EA]멜라비토닝유브이선스틱20g,8943.0,249.66666666666663,멜라(기타),멜라(기타),1074.592790387183
9309833,[세트]이지듀 베리어리페어크림+앰플기획(크림50ML+앰플1ML),440.0,0.0,임가공,임가공,999.0
9309834,[EA]멜라비토닝UV선세럼40ml+40ml(OY),4093.0,163.33333333333334,멜라(기타),멜라(기타),751.7755102040816
9309835,[EA]멜라비토닝유브이선세럼투엑스40ml,47991.0,3310.333333333333,멜라(기타),멜라(기타),434.91994763870713
9309837,[EA]멜라비토닝유브이선세럼투엑스사셰1ml,32258.0,-132.33333333333334,멜라(기타),멜라(기타),999.0
9309838,[EA]멜라비토닝앰플쿠션19호페어(본품)15g_V3_,55723.0,2025.3333333333333,멜라(앰플쿠션),본품19호(15G),825.3900592495063
9309839,[EA]멜라비토닝앰플쿠션21호내추럴(본품)15g_V3,259258.0,59523.333333333336,멜라(앰플쿠션),본품21호(15G),130.6670773366187
9309900,[EA]멜라비토닝앰플쿠션23호베이지(본품)15g_V3,73972.0,12669.333333333334,멜라(앰플쿠션),본품23호(15G),175.1599663228794
9309902,[EA]멜라비토닝앰플쿠션19호페어(리필)15g_V3,76022.0,827.0,멜라(앰플쿠션),리필19호(15G),2757.7509068923823
9309903,[EA]멜라비토닝앰플쿠션21호내추럴(리필)15g_V3,85749.0,59115.0,멜라(앰플쿠션),리필21호(15G),43.51636640446587
9309904,[EA]멜라비토닝앰플쿠션23호베이지(리필)15g_V3,39621.0,12454.333333333334,멜라(앰플쿠션),리필23호(15G),95.43907073843107
9309908,[EA]디더블유이지에프멜라토닝패치(5g*4ea)_V2,86304.0,6015.333333333333,멜라(기타),멜라(기타),430.4200376814807
9309910,[EA]멀티비타12앰플클렌저200ml,4571.0,835.6666666666666,멜라(기타),멜라(기타),164.096529716793
9309930,한가인 VIP 고급 대관세트 (기미앰플+항산화+쿠션)_2025년설,40.0,78.0,임가공,임가공,15.384615384615383
9310121,[EA]리프트이지에프10코어이펙트앰플(1ml*4ea),14577.0,5917.666666666667,이펙트코어,기타,73.89905931391877
9310226,[단종]멜라비토닝매트커버쿠션19호페어(본품)_19g,3.0,0.0,매트커버팩트,본품19호,999.0
9310228,[단종]멜라비토닝매트커버쿠션21호내추럴(본품)_19g,94.0,5.0,매트커버팩트,본품21호,564.0
9310230,[단종]멜라비토닝매트커버쿠션23호베이지(본품)_19g,2.0,0.0,매트커버팩트,본품23호,999.0
9310233,[EA]멜라비토닝앰플쿠션21호내추럴(미니)_8g,78591.0,10846.0,멜라(앰플쿠션),21호(미니),217.3824451410658
9310446,[EA]멜라UV틴티드글로우립레드3.6g,2986.0,83.0,멜라(립),멜라(립),1079.277108433735
9310448,[EA]멜라UV틴티드글로우립핑크3.6g,32198.0,87.0,멜라(립),멜라(립),11102.758620689656
9310449,[EA]멜라UV틴티드글로우립밤3.4g,4102.0,342.3333333333333,멜라(립),멜라(립),359.4741966893866
9310450,[EA]멜라UV틴티드글로우립다크레드3.6g,3974.0,3.0,멜라(립),멜라(립),39740.0
9310451,[EA]멜라UV틴티드글로우립코랄3.6g,33746.0,178.66666666666666,멜라(립),멜라(립),5666.305970149255
9310452,[EA]멜라UV틴티드글로우립로즈3.6g,34481.0,170.0,멜라(립),멜라(립),6084.882352941177
9310454,멜라비토닝앰플글로우겔마스크30g(4매입),67029.0,925.6666666666666,멜라(기타),멜라(기타),2172.347857400072
9310455,[EA]디더블유이지에프클리어선패치4g(4매입)V2,91038.0,505.6666666666667,멜라(기타),멜라(기타),5401.067897165457
9310457,이지듀멜라비토닝앰플쿠션19호페어13G,19882.0,726.6666666666666,멜라(앰플쿠션),본품19호(13G),820.816513761468
9310458,이지듀멜라비토닝앰플쿠션21호내추럴13G,26408.0,3077.6666666666665,멜라(앰플쿠션),본품21호(13G),257.41579118379724
9310560,이지듀멜라비토닝앰플쿠션23호베이지13G,13900.0,1311.3333333333333,멜라(앰플쿠션),본품23호(13G),317.9969496695476
9310561,이지듀멜라비토닝앰플쿠션19호페어13G(리필),10800.0,337.0,멜라(앰플쿠션),리필19호(13G),961.4243323442137
9310562,이지듀멜라비토닝앰플쿠션21호내추럴13G(리필),22422.0,1668.6666666666667,멜라(앰플쿠션),리필21호(13G),403.11226528166196
9310563,이지듀멜라비토닝앰플쿠션23호베이지13G(리필),13825.0,547.3333333333334,멜라(앰플쿠션),리필23호(13G),757.7649208282581
9310593,[EA]이지듀멜라비토닝원데이앰플로즈30ml,59457.0,198.33333333333331,로즈,앰플 30ml,8993.495798319329
9310594,[EA]이지듀멜라비토닝원데이앰플로즈15ml,32986.0,-622.3333333333334,로즈,앰플 15ml,999.0
9310595,[EA]이지듀멜라비토닝미스트로즈50ml,873.0,623.6666666666666,로즈,기타,41.99358631747729
9310613,[EA]멜라비토닝패치풀페이스(24g*1ea),765.0,0.0,멜라(기타),멜라(기타),999.0
9310614,[EA]이지듀멜라토닝원데이앰플8ml(2025_추출물용매분리버전),2608.0,1724.3333333333333,원데이앰플,8ML,45.37405760680456
9310616,[EA]이지듀멜라토닝원데이앰플15ml(2025_추출물용매분리버전),129282.0,57722.66666666666,원데이앰플,15ML,67.19128245403309
9310618,[세트]멜라토닝원데이앰플10ml_카카오,53.0,0.0,임가공,임가공,999.0
9310619,[세트]멜라비토닝투엑스유브이선세럼40ml_카카오,233.0,21.666666666666668,임가공,임가공,322.61538461538464
9310695,멜라비토닝앰플쿠션23호베이지(미니)_8g,36919.0,1667.3333333333333,멜라(앰플쿠션),23호(미니),664.2762894842064
9310696,멜라비토닝앰플쿠션22호라이트베이지(미니)_8g,23109.0,3356.0,멜라(앰플쿠션),22호(미니),206.57628128724673
9310697,멜라비토닝앰플쿠션19호페어(미니)_8g,7370.0,1585.0,멜라(앰플쿠션),19호(미니),139.49526813880126
9310698,멜라비토닝앰플쿠션22호라이트베이지(본품)_13g,8704.0,216.0,멜라(앰플쿠션),본품22호(13G),1208.888888888889
9310699,멜라비토닝앰플쿠션22호라이트베이지(리필)_13g,9299.0,155.0,멜라(앰플쿠션),리필22호(13G),1799.8064516129032
9310772,[세트]기미쿠션+글로우립밤세트_19호_카카오,99.0,29.33333333333333,임가공,임가공,101.25000000000001
9310774,[세트]기미쿠션+글로우립밤세트_23호_카카오,1.0,22.0,임가공,임가공,1.3636363636363638
9310805,이지듀멜라비토닝매트커버팩트19호페어(리필)_19g,30506.0,544.0,매트커버팩트,리필19호,1682.3161764705883
9310806,이지듀멜라비토닝매트커버팩트21호내추럴(리필)_19g,52648.0,2875.6666666666665,매트커버팩트,리필21호,549.243074069781
9310807,이지듀멜라비토닝매트커버팩트23호베이지(리필)_19g,6721.0,805.0,매트커버팩트,리필23호,250.472049689441
9310845,이지듀멜라비토닝앰플쿠션본품(선물포장)_21호내추럴(카카오),806.0,389.3333333333333,임가공,임가공,62.10616438356164
9310851,DW-EGF멜라선와이드패치(4g*4매입)_지퍼백ver*3ea(면세),754.0,63.333333333333336,임가공,임가공,357.1578947368421
9310878,이지듀멜라비토닝유브이선세럼40ml,29077.0,210.33333333333331,멜라(기타),멜라(기타),4147.2741679873225
9310904,이지듀멜라토닝로즈앰플30ML&미스트50ML_25가정의달(직영몰),49.0,0.0,임가공,임가공,999.0
9310905,이지듀멜라토닝로즈앰플30ML*2EA_25가정의달(직영몰),46.0,30.33333333333333,임가공,임가공,45.4945054945055
9310906,이지듀멜라토닝로즈앰플30ML*4EA_25가정의달(직영몰),135.0,0.0,임가공,임가공,999.0
9310907,이지듀멜라토닝로즈앰플30ML*1EA_25가정의달(제로샵),4.0,0.0,임가공,임가공,999.0
9310908,이지듀멜라토닝로즈앰플30ML*앰플쿠션19호페어15G_25가정의달(제로샵),34.0,2.0,임가공,임가공,510.0
9310930,이지듀멜라토닝로즈앰플30ML*앰플쿠션23호베이15G_25가정의달(제로샵),37.0,0.0,임가공,임가공,999.0
9310964,이지듀로즈앰플15ML&미스트50ML듀오세트(카카오),21.0,27.33333333333333,임가공,임가공,23.04878048780488
9310970,이지듀로즈앰플15ML*2EA세트(카카오),49.0,0.0,임가공,임가공,999.0
9310971,이지듀로즈앰플15ML세트(카카오),150.0,0.0,임가공,임가공,999.0
9311056,이지듀멜라오버나이트멜팅크림30g(홈쇼핑),88279.0,6152.0,멜라(캡슐크림),멜라(캡슐크림),430.48927178153446
9311058,이지듀멜라비토닝딥클렌징오일200ml,53837.0,891.6666666666666,멜라(기타),멜라(기타),1811.3383177570095
9311060,[단종]이지듀멜라비토닝매트커버팩트19호페어19g,1683.0,2319.6666666666665,매트커버팩트,본품19호,21.766058341715762
9311061,[단종]이지듀멜라비토닝매트커버팩트21호내추럴19g,96.0,14.0,매트커버팩트,본품21호,205.71428571428572
9311062,[단종]이지듀멜라비토닝매트커버팩트23호베이지19g,7422.0,3675.0,매트커버팩트,본품23호,60.587755102040816
9311067,이지듀비타민C부스팅앰플15g,2890.0,1532.3333333333333,기타,기타,56.58037850772243
9311068,[세트]이지듀비타민C부스팅앰플13G+글루타치온크림샤셰2G*2개입(올리브영,4256.0,896.0,임가공,임가공,142.5
9311069,이지듀멜라비토닝엔자임파우더워시60g,6646.0,678.6666666666666,멜라(기타),멜라(기타),293.78192534381145
9311071,이지듀멜라비토닝엔자임파우더워시1g*14개입,19913.0,24.33333333333333,멜라(기타),멜라(기타),24550.273972602743
9311086,[세트]이지듀멜라비토닝매트커버팩트19호+글로우립로즈세트(카카오),90.0,8.0,임가공,임가공,337.5
9311087,[세트]이지듀멜라비토닝매트커버팩트21호+글로우립세트(카카오),3.0,97.0,임가공,임가공,0.9278350515463918
9311121,이지듀멜라비토닝매트커버팩트19호(미니)_10g,12965.0,243.0,매트커버팩트,미니19호,1600.6172839506173
9311122,이지듀멜라비토닝매트커버팩트21호(미니)_10g,49755.0,900.0,매트커버팩트,미니21호,1658.5
9311124,이지듀멜라비토닝매트커버팩트23호(미니)_10g,13074.0,178.0,매트커버팩트,미니23호,2203.4831460674154
9311125,이지듀멜라비토닝앰플쿠션트라이얼4열샤쉐0.2g*4ea,106981.0,15.0,멜라(앰플쿠션),기타,213962.0
9311126,이지듀멜라비토닝앰플쿠션19호페어본품13g+리필13g기획세트(올리브영),15700.0,275.0,멜라(앰플쿠션),올리브영,1712.7272727272727
9311127,이지듀멜라비토닝앰플쿠션21호내추럴본품13g+리필13g기획세트(올리브영),22222.0,1550.0,멜라(앰플쿠션),올리브영,430.10322580645163
9311128,이지듀멜라비토닝앰플쿠션23호베이지본품13g+리필13g기획세트(올리브영),15278.0,466.6666666666667,멜라(앰플쿠션),올리브영,982.1571428571428
9311129,이지듀멜라비토닝매트커버팩트19호(블리스터)_0.5g,39374.0,7.666666666666667,신제품,신제품,154072.17391304346
9311130,이지듀멜라비토닝매트커버팩트21호(블리스터)_0.5g,1085.0,36.0,신제품,신제품,904.1666666666667
9311131,이지듀멜라비토닝매트커버팩트23호(블리스터)_0.5g,35781.0,13.0,신제품,신제품,82571.53846153845
9311132,[세트]로즈에디션 쿠션15G_21호&프리저브드플라워(카카오),99.0,0.0,임가공,임가공,999.0
9311133,[세트]로즈에디션 쿠션15G_19호&프리저브드플라워(카카오),7.0,0.0,임가공,임가공,999.0
9311134,[세트]로즈에디션 쿠션15G_23호&프리저브드플라워(카카오),16.0,0.0,임가공,임가공,999.0
9311135,[세트]이지듀멜라앰플쿠션19호페어_13G(본품1+리필2)_(면세),1215.0,206.0,임가공,임가공,176.94174757281556
9311136,[세트]이지듀멜라앰플쿠션21호내추럴_13G(본품1+리필2)_(면세),3510.0,720.0,임가공,임가공,146.25
9311137,[세트]이지듀멜라앰플쿠션23호베이지_13G(본품1+리필2)_(면세),1170.0,214.33333333333331,임가공,임가공,163.76360808709177
9311138,이지듀멜라토닝로즈앰플30ML*기미앰플30ML_25가정의달(직영몰),804.0,9.333333333333334,임가공,임가공,2584.285714285714
9311169,이지듀멜라토닝원데이앰플시카알로에15ml,74853.0,179.66666666666666,시카알로에,앰플15ML,12498.645640074212
9311190,이지듀멜라토닝원데이앰플시카알로에30ml,57614.0,132.0,시카알로에,앰플30ML,13094.090909090908
9311191,이지듀멜라토닝울트라카밍토너시카알로에130ML,36116.0,776.3333333333334,시카알로에,토너130ML,1395.6376127093172
9311192,이지듀멜라토닝겔패치시카알로에12g(4매입),129459.0,747.0,시카알로에,패치4매,5199.156626506025
9311194,리프트코어이펙트앰플겔패치(4매입)(홈쇼핑),13489.0,160.33333333333334,이펙트코어,기타,2523.9293139293136
9311196,[세트]디더블유이지에프링클아이크림스틱프리미엄8g(아마존),47.0,0.0,임가공,임가공,999.0
9311197,[세트]디더블유이지에프콜라겐실크림앰플55g(아마존),12.0,0.0,임가공,임가공,999.0
9311198,[세트]이지듀라선와이드패치(4g*4매입)_지퍼백ver(아마존),87.0,0.0,임가공,임가공,999.0
9311212,[세트]이지듀클리어B3+B5세럼29ml(아마존),496.0,2.0,임가공,임가공,7440.0
9311213,[카카오]멜라비토닝앰플쿠션본품(선물포장)_19호페어,32.0,0.0,임가공,임가공,999.0
9311214,[세트]이지듀 클리어5애씨드필30ML(아마존),495.0,0.0,임가공,임가공,999.0
9311215,[세트]이지듀클리어징크SOS스팟15ML(아마존),100.0,0.0,임가공,임가공,999.0
9311321,이지듀멜라비토닝앰플쿠션본품(선물포장)_23호베이지(카카오),35.0,0.0,임가공,임가공,999.0
9311330,멜라비토닝앰플쿠션22호라이트베이지(리필)_15g,31139.0,2543.333333333333,멜라(앰플쿠션),리필22호(15G),367.3014416775885
9311331,멜라비토닝앰플쿠션22호라이트베이지(본품)_15g,24313.0,2481.0,멜라(앰플쿠션),본품22호(15G),293.99032648125757
9311384,이지듀멜라토닝울트라카밍토너시카알로에130ML(HS),43512.0,4.0,시카알로에,토너130ML,326340.0
9311387,[세트]이지듀멜라데이쉴드에센셜세트,218.0,-15.333333333333334,임가공,임가공,999.0
9311388,이지듀멜라오버나이트멜팅크림1g(샤쉐),68200.0,2705.6666666666665,멜라(캡슐크림),멜라(캡슐크림),756.1907108537638
9311417,"디더블유이지에프멜라토닝패치(5g*4ea,단상자 교체)_아마존",393.0,176.0,멜라(기타),멜라(기타),66.98863636363637
9311418,이지듀비타씨토너 150ml(단상자 교체)_아마존,120.0,0.0,멜라(기타),멜라(기타),999.0
9311432,이지듀클리어징크SOS스팟1ML,30147.0,0.0,클리어,클리어,999.0
9311503,이지듀디더블유이지에프멜라토닝원데이앰플1ml(단품),10.0,0.0,원데이앰플,1ML,999.0
9311674,이지듀멜라토닝원데이앰플8ML(25.07리뉴얼),88458.0,2503.6666666666665,원데이앰플,8ML,1059.9414192517643
9311713,멜라비토닝앰플쿠션22호라이트베이지본품13G+리필13G기획세트(올리브영),5358.0,250.0,멜라(앰플쿠션),올리브영,642.9599999999999
9311718,멜라비토닝앰플글로우겔마스크30g(단품),2382.0,0.0,멜라(기타),멜라(기타),999.0
9311719,이지듀베리어리페어카밍겔패치(9g*4매입),26821.0,48.66666666666666,베리어,베리어,16533.493150684935
9311868,이지듀멜라비토닝매트커버팩트19호페어(본품)19g(V2),31362.0,173.0,매트커버팩트,본품19호,5438.49710982659
9311869,이지듀멜라비토닝매트커버팩트21호내추럴(본품)19G(V2),42656.0,15165.333333333334,매트커버팩트,본품21호,84.38192368559874
9311880,이지듀멜라비토닝매트커버팩트23호베이지(본품)19G(V2),374.0,189.0,매트커버팩트,본품23호,59.36507936507937
9311894,[카카오]옴므올인원플루이드80ml,48.0,2.0,임가공,임가공,720.0
9311895,[카카오]미니쿠션21호+립,97.0,0.0,임가공,임가공,999.0
9311896,[카카오]미니쿠션19호+립,47.0,0.0,임가공,임가공,999.0
9311897,[카카오]미니쿠션23호+립,47.0,0.0,임가공,임가공,999.0
9311924,이지듀멀티-비타앰플클렌저30mL(인도네시아),500.0,0.0,기타,기타,999.0
9311944,이지듀멜라토닝멜라씨비타에센스토너30ML(인도네시아),250.0,0.0,기타,기타,999.0
9311946,이지듀멜라토닝멜라씨비타에센스토너150ML(인도네시아),140.0,0.0,기타,기타,999.0
9311947,이지듀멀티-비타앰플클렌저200ML(인도네시아),930.0,0.0,기타,기타,999.0
9311952,이지듀디더블유이지에프멜라토닝원데이앰플15ML(인도네시아),380.0,0.0,기타,기타,999.0
9311953,이지듀디더블유이지에프멜라토닝원데이앰플30ML(인도네시아),780.0,0.0,기타,기타,999.0
9311954,이지듀멜라글루타치온크림50ML(인도네시아),980.0,0.0,기타,기타,999.0
9311980,이지듀클리어징크스팟15ML(인도네시아),1000.0,0.0,기타,기타,999.0
9311995,이지듀클리어아하2%토너200ML(인도네시아),1000.0,0.0,기타,기타,999.0
9311996,이지듀클리어B3+B5세럼29ML(인도네시아),1000.0,0.0,기타,기타,999.0
9311997,이지듀클리어바하클렌저100ML(인도네시아),1000.0,0.0,기타,기타,999.0
9312030,이지듀디더블유이지에프멜라토닝원데이앰플시카알로에1ML,50448.0,0.0,시카알로에,앰플1ML,999.0
9312031,이지듀디더블유이지에프멜라토닝원데이앰플시카알로에8ML,9360.0,0.0,시카알로에,앰플8ML,999.0
9312032,이지듀멜라토닝겔패치시카알로에12g(1매입),287.0,0.3333333333333333,시카알로에,패치1매,25830.000000000004
9312121,[세트]시카알로에15ml+매트팩트미니21호_카카오,115.0,19.666666666666668,임가공,임가공,175.4237288135593
9312132,[카카오]기미앰플10ml+1ml_삼각쇼핑백,94.0,57.333333333333336,임가공,임가공,49.18604651162791
9312144,이지듀디더블유이지에프멜라토닝원데이앰플원엑스8ML(미국),6892.0,285.3333333333333,미국,원데이앰플,724.626168224299
9312145,이지듀디더블유이지에프멜라토닝원데이앰플쓰리엑스8ML(미국),6182.0,840.0,미국,원데이앰플,220.78571428571428
9312146,이지듀디더블유이지에프멜라토닝원데이앰플파이브엑스8ML(미국),2936.0,2118.0,미국,원데이앰플,41.58640226628896
9312147,이지듀디더블유이지에프멜라토닝원데이앰플원엑스30ML(미국),27761.0,34.0,미국,원데이앰플,24495.0
9312148,이지듀디더블유이지에프멜라토닝원데이앰플쓰리엑스30ML(미국),17865.0,933.3333333333334,미국,원데이앰플,574.2321428571429
9312149,이지듀디더블유이지에프멜라토닝원데이앰플파이브엑스30ML(미국),14298.0,2015.6666666666667,미국,원데이앰플,212.80304283115592
9312165,이지듀멜라비토닝앰플쿠션13호포슬린13G(미국),2021.0,334.3333333333333,미국,앰플쿠션,181.34596211365903
9312166,이지듀멜라비토닝앰플쿠션17호아이보리13G(미국),726.0,766.0,미국,앰플쿠션,28.433420365535245
9312167,이지듀멜라비토닝앰플쿠션19호샌드13G(미국),276.0,915.6666666666666,미국,앰플쿠션,9.042591918456498
9312168,이지듀멜라비토닝앰플쿠션21호베이지13G(미국),143.0,958.6666666666666,미국,앰플쿠션,4.474965229485396
9312169,이지듀멜라비토닝앰플쿠션23호내추럴13G(미국),208.0,908.0,미국,앰플쿠션,6.872246696035242
9312180,이지듀멜라비토닝앰플쿠션25호허니13G(미국),686.0,766.0,미국,앰플쿠션,26.866840731070493
9312181,이지듀멜라비토닝앰플쿠션27호골든13G(미국),1607.0,472.0,미국,앰플쿠션,102.13983050847459
9312182,이지듀멜라비토닝앰플쿠션33호아몬드13G(미국),1902.0,374.3333333333333,미국,앰플쿠션,152.43098842386465
9312183,이지듀멜라비토닝앰플쿠션41호체슈넛13G(미국),2044.0,490.5,미국,앰플쿠션,125.01529051987767
9312184,이지듀멜라비토닝앰플쿠션45호에스프레소13G(미국),2325.0,350.0,미국,앰플쿠션,199.2857142857143
9312185,이지듀멜라비딥클렌징오일30ml,14072.0,96.0,멜라(기타),멜라(기타),4397.5
9312186,이지듀RX 포스트레이저미스트120ML,17251.0,10374.0,포스트레이저,신규,49.88721804511278
9312293,[추석세트]이지듀쿠션앤앰플기프트세트21호내추럴,4716.0,443.0,임가공,임가공,319.36794582392776
9312348,이지듀디더블유이지에프멜라토닝원데이앰플부스터샷15ML(HS),41898.0,6528.333333333333,부스터샷,본품(15ML),192.5361245851417
9312350,"이지듀디더블유이지에프멜라토닝원데이앰플부스터샷15ML(리필,HS)",35719.0,4751.666666666667,부스터샷,리필(15ML),225.5145562960365
9312351,이지듀이지에프코어이펙트스칼프앰플80ML,75786.0,23616.0,두피앰플,두피앰플,96.27286585365853
9312352,[추석세트]이지듀멜라토닝원데이앰플세븐데이즈스페셜세트7ML,7295.0,9.0,임가공,임가공,24316.666666666668
9312354,[추석세트]이지듀멜라베스트스킨케어기프트세트,54.0,339.0,임가공,임가공,4.778761061946902
9312355,[추석세트]이지듀베리어리페어기프트세트,57.0,97.0,임가공,임가공,17.628865979381445
9312357,이지듀멜라비토닝앰플쿠션본품+1m_19호페어(카카오),483.0,60.66666666666666,임가공,임가공,238.8461538461539
9312358,이지듀멜라비토닝앰플쿠션본품+1m_23호베이지(카카오),686.0,61.66666666666666,임가공,임가공,333.72972972972974
9312366,이지듀디더블유이지에프멜라토닝원데이앰플부스터샷20ML,72347.0,5735.0,부스터샷,본품(20ML),378.4498692240628
9312367,이지듀디더블유이지에프멜라토닝원데이앰플부스터샷20ML(리필),96154.0,2215.0,부스터샷,리필(20ML),1302.31151241535
9312377,[카카오]기미쿠션15g+키링파우치_21호,211.0,162.66666666666666,임가공,임가공,38.91393442622951
9312379,[카카오]기미쿠션15g+키링파우치_19호,233.0,35.0,임가공,임가공,199.7142857142857
9312411,[직영몰]기미쿠션스페셜기획세트19호페어,934.0,188.0,임가공,임가공,149.04255319148936
9312413,[직영몰]기미쿠션스페셜기획세트21호내추럴,1664.0,482.5,임가공,임가공,103.46113989637307
9312414,[직영몰]기미쿠션스페셜기획세트22호내추럴베이지,1130.0,190.0,임가공,임가공,178.42105263157896
9312415,[직영몰]기미쿠션스페셜기획세트23호베이지,891.0,97.5,임가공,임가공,274.15384615384613
9312416,[직영몰]기미팩트스페셜기획세트19호페어,1176.0,115.0,임가공,임가공,306.7826086956522
9312417,[직영몰]기미팩트스페셜기획세트21호내추럴,1820.0,393.0,임가공,임가공,138.93129770992365
9312418,[직영몰]기미팩트스페셜기획세트23호베이지,288.0,206.0,임가공,임가공,41.94174757281554
9312423,이지듀멜라비토닝앰플쿠션13호포슬린13g(미국)_리필,3635.0,726.0,미국,앰플쿠션,150.20661157024793
9312424,이지듀멜라비토닝앰플쿠션17호아이보리13g(미국)_리필,3320.0,546.5,미국,앰플쿠션,182.25068618481245
9312425,이지듀멜라비토닝앰플쿠션19호샌드13g(미국)_리필,2558.0,910.5,미국,앰플쿠션,84.2833607907743
9312426,이지듀멜라비토닝앰플쿠션21호베이지13g(미국)_리필,2376.0,1014.5,미국,앰플쿠션,70.26121241991127
9312427,이지듀멜라비토닝앰플쿠션23호내추럴13g(미국)_리필,2488.0,922.5,미국,앰플쿠션,80.91056910569105
9312428,이지듀멜라비토닝앰플쿠션25호허니13g(미국)_리필,3297.0,543.0,미국,앰플쿠션,182.15469613259668
9312429,이지듀멜라비토닝앰플쿠션27호골든13g(미국)_리필,3650.0,724.0,미국,앰플쿠션,151.24309392265192
9312440,[카카오]기미쿠션15g+키링파우치_23호,138.0,36.333333333333336,임가공,임가공,113.94495412844036
9312441,[카카오]매트팩트+키링파우치_21호,116.0,112.66666666666669,임가공,임가공,30.887573964497037
9312442,[카카오]매트팩트+키링파우치_19호,216.0,18.666666666666668,임가공,임가공,347.1428571428571
9312443,[카카오]매트팩트+키링파우치_23호,78.0,22.0,임가공,임가공,106.36363636363637
9312444,"[카카오,특판]기미쿠션스페셜기획세트19호페어",261.0,28.5,임가공,임가공,274.7368421052632
9312445,"[카카오,특판]기미쿠션스페셜기획세트21호내추럴",869.0,106.0,임가공,임가공,245.9433962264151
9312447,"[카카오,특판]기미쿠션스페셜기획세트23호베이지",301.0,10.333333333333334,임가공,임가공,873.8709677419355
9312491,이지듀멜라비토닝앰플쿠션33호아몬드13g(미국)_리필,3776.0,540.0,미국,앰플쿠션,209.77777777777777
9312492,이지듀멜라비토닝앰플쿠션41호체슈넛13g(미국)_리필,3845.0,540.0,미국,앰플쿠션,213.61111111111111
9312493,이지듀멜라비토닝앰플쿠션45호에스프레소13g(미국)_리필,3781.0,540.0,미국,앰플쿠션,210.05555555555554
9312526,[세트]이지듀멜라비토닝매트커버팩트23호+글로우립로즈세트(카카오)V2,70.0,2.0,임가공,임가공,1050.0
9312545,이지듀멜라이지에프익스폴리에이팅앰플8mL(아마존),6350.0,5085.5,멜라(기타),멜라(기타),37.459443515878476
9312724,이지듀멜라비토닝앰플쿠션19호페어(본품13g+퍼프)세트,3416.0,792.0,멜라(앰플쿠션),쿠팡,129.3939393939394
9312725,이지듀멜라비토닝앰플쿠션21호내추럴(본품13g+퍼프)세트,36343.0,4464.0,멜라(앰플쿠션),쿠팡,244.24059139784944
9312726,이지듀멜라비토닝앰플쿠션23호베이지(본품13g+퍼프)세트,10878.0,1944.0,멜라(앰플쿠션),쿠팡,167.87037037037038
9312727,이지듀멜라비토닝앰플쿠션19호페어(리필13g+퍼프)세트,1699.0,728.0,멜라(앰플쿠션),쿠팡,70.01373626373626
9312728,이지듀멜라비토닝앰플쿠션21호내추럴(리필13g+퍼프)세트,6072.0,4312.0,멜라(앰플쿠션),쿠팡,42.244897959183675
9312730,이지듀멜라비토닝앰플쿠션23호베이지(리필13g+퍼프)세트,2136.0,1288.0,멜라(앰플쿠션),쿠팡,49.75155279503106
9312736,[추석세트]이지듀쿠션앤앰플기프트세트색상교환권샘플포함,2593.0,0.0,임가공,임가공,999.0
9312747,포스트레이저젤드레싱마스크시트세트(38ml*5ea)v2,14268.0,173.0,포스트레이저,병의원,2474.2196531791906
9312752,[카카오]기미앰플10ml+10ml+(1ml+1ml),202.0,206.66666666666663,임가공,임가공,29.322580645161295
9312809,[임가공]이지듀쿠션앤앰플기프트세트21호내추럴,48.0,2.5,임가공,임가공,576.0
9312822,[임가공]이지듀쿠션앤앰플기프트세트21호내추럴(쿠팡용),400.0,300.0,임가공,임가공,40.0
9312825,[임가공]멜라토닝 에센셜 CBA 3종 VIP세트_청뱀(대관용)_쇼핑백변경,45.0,99.66666666666669,임가공,임가공,13.545150501672238
9312828,[임가공]멜라토닝 에센셜 CBA 3종 VIP세트_2025(대관용)_쇼핑백,4.0,69.66666666666667,임가공,임가공,1.7224880382775118
9312874,[임가공]이지듀멜라3스텝스페셜세트_2025(플라워_옐로우패드),132.0,87.66666666666667,임가공,임가공,45.171102661596954
9312876,[임가공]이지듀멜라3스텝스페셜세트_2025(신년패키지_그린패드),10.0,70.0,임가공,임가공,4.285714285714286
9312895,[임가공][쿠팡]기미쿠션스페셜기획세트21호내추럴,248.0,500.6666666666667,임가공,임가공,14.860186418109187
9313025,이지듀멜라비토닝글로우커버팩트19호페어19g,527.0,2576.0,글로우커버팩트,본품19호,6.137422360248448
9313026,이지듀멜라비토닝글로우커버팩트21호내추럴19g,2509.0,12206.5,글로우커버팩트,본품21호,6.166386761151846
9313027,이지듀멜라비토닝글로우커버팩트23호베이지19g,1702.0,2782.5,글로우커버팩트,본품23호,18.350404312668463
9313028,이지듀멜라비토닝글로우커버팩트19호페어(리필)19g,56.0,1186.0,글로우커버팩트,리필19호,1.4165261382799326
9313029,이지듀멜라비토닝글로우커버팩트21호내추럴(리필)19g,5172.0,6094.5,글로우커버팩트,리필21호,25.459020428254984
9313030,이지듀멜라비토닝글로우커버팩트23호베이지(리필)19g,596.0,1396.0,글로우커버팩트,리필23호,12.808022922636104
9313042,이지듀멜라글로우쿠션블러셔7g레드,12.0,4835.0,신제품,신제품,0.07445708376421924
9313046,이지듀멜라비토닝앰플파운데이션19호페어,480.0,537.0,신제품,신제품,26.815642458100562
9313047,이지듀멜라비토닝앰플파운데이션21호내추럴,313.0,2628.0,신제품,신제품,3.573059360730594
9313049,이지듀멜라비토닝앰플파운데이션23호베이지,277.0,604.0,신제품,신제품,13.758278145695364
9313092,이지듀멜라오버나이트멜팅크림10g,18846.0,0.0,멜라(캡슐크림),멜라(캡슐크림),999.0
9313093,이지듀멜라토닝원데이앰플5ml,19563.0,0.0,원데이앰플,기타,999.0
9313100,이지듀알엑스포스트레이저미스트50mL,7051.0,1341.0,기타,기타,157.74049217002235
9313115,[직영몰]기미팩트스페셜기획세트23호베이지(구),500.0,0.0,임가공,임가공,999.0
9313116,이지듀포스트레이저이지에프크림40ml(HS),44693.0,62005.5,기타,기타,21.623726927449987
9313117,이지듀포스트레이저이지에프크림75ml,35271.0,2217.0,기타,기타,477.2801082543978
9313118,이지듀이지에프골든엘릭서15ml,4509.0,228.0,멜라(기타),멜라(기타),593.2894736842105
9313119,이지듀이지에프골든엘릭서4ml(HS),41137.0,28330.5,멜라(기타),멜라(기타),43.5611796473765
9313130,이지듀이지에프쓰리디볼류밍립글로스4.4g레드,12.0,3448.0,멜라(립),멜라(립),0.10440835266821345
9313134,이지듀10ppm마이크로샷2700(2개입)_스몰랩,19933.0,10.0,기타,기타,59799.0
9313169,[임가공][카카오]멜라토닝원데이앰플부스터샷15ML단품,47.0,0.0,임가공,임가공,999.0
9313188,이지듀포스트레이저이지에프크림5ml,24254.0,6341.5,멜라(캡슐크림),멜라(캡슐크림),114.73941496491366
9313189,이지듀멜라비토닝글로우커버팩트19호페어(블리스터)0.5g,36000.0,0.0,신제품,신제품,999.0
9313190,[임가공][카카오]멜라토닝원데이앰플부스터샷15ML본품+리필15ML,18.0,42.0,임가공,임가공,12.857142857142858
9313286,[판촉몰]디더블유이지에프더마톡스니들샷(40mg*2ea)*2박스+롤러대,100.0,0.0,임가공,임가공,999.0
9313287,이지듀멜라비토닝앰플쿠션13g내추럴어워즈한정기획(2025)(+8g미니어처쿠,400.0,7300.0,멜라(앰플쿠션),올리브영,1.643835616438356
9313300,이지듀멜라비토닝글로우커버팩트21호내추럴(블리스터)0.5g,50000.0,0.0,신제품,신제품,999.0
9313301,이지듀멜라비토닝글로우커버팩트23호베이지(블리스터)0.5g,50000.0,0.0,신제품,신제품,999.0
9313345,[임가공]이지듀멜라비토닝앰플쿠션케이스(하운드체크에디션),11723.0,46776.0,임가공,임가공,7.518599281682914
9313448,[세트]앰플쿠션21호(15g)+글로우립로즈(카카오),91.0,154.5,임가공,임가공,17.669902912621357
9313514,[세트]하운드체크케이스+앰플쿠션리필19호(15g)+골든엘릭서오일4ml,111.0,119.0,임가공,임가공,27.983193277310924
9313515,[세트]하운드체크케이스+앰플쿠션리필21호(15g)+골든엘릭서오일4ml,94.0,858.0,임가공,임가공,3.2867132867132867
9313516,[세트]하운드체크케이스+앰플쿠션리필23호(15g)+골든엘릭서오일4ml,81.0,129.0,임가공,임가공,18.837209302325583
9313770,[세트]매트팩트23호(19g)+글로우로즈립(카카오),76.0,24.0,임가공,임가공,95.0
9313771,[세트]앰플쿠션23호(15g)+글로우 로즈립(카카오),111.0,39.0,임가공,임가공,85.38461538461539
9313773,멜라_비타앰플클렌저_200ml(인도네시아)_V2,60.0,0.0,기타,기타,999.0
9313775,멜라_비타앰플클렌저_30ml(인도네시아)_V2,500.0,0.0,기타,기타,999.0
9313776,멜라_토닝원데이앰플_15ml(인도네시아)_V2,600.0,0.0,기타,기타,999.0
9313777,멜라_토닝원데이앰플_30ml(인도네시아)_V2,200.0,0.0,기타,기타,999.0
9313778,[세트]베리어리페어크림30g+슬리브,1000.0,0.0,임가공,임가공,999.0
9313872,[임가공][판촉몰] 미니쇼핑백2024+원데이앰플12ml,1800.0,0.0,임가공,임가공,999.0
9314061,[세트]포스트레이저크림40ml*2+골든엘릭서4ml(카카오),100.0,0.0,임가공,임가공,999.0
